id,title,category,description,required_skills,experience_level,salary_range,education
1,Software Engineer,Technology,"Design, develop, and maintain software applications and systems using various programming languages and frameworks.","Programming, Problem Solving, Data Structures, Algorithms, Version Control",Entry to Senior,"$60,000 - $150,000",Bachelor's in Computer Science or related field
2,Data Scientist,Technology,Analyze complex data sets to extract insights and build predictive models using statistical methods and machine learning.,"Python, R, Statistics, Machine Learning, SQL, Data Visualization",Mid to Senior,"$80,000 - $180,000","Master's in Data Science, Statistics, or related field"
3,UX/UI Designer,Design,"Create user-centered designs for digital products, focusing on usability, accessibility, and visual appeal.","Figma, Adobe Creative Suite, User Research, Prototyping, Wireframing, Design Systems",Entry to Senior,"$50,000 - $120,000","Bachelor's in Design, HCI, or related field"
4,Digital Marketing Manager,Marketing,Develop and execute digital marketing strategies across various channels to drive brand awareness and customer acquisition.,"SEO/SEM, Social Media Marketing, Google Analytics, Content Marketing, Email Marketing, Campaign Management",Mid to Senior,"$55,000 - $130,000","Bachelor's in Marketing, Business, or related field"
5,Cybersecurity Analyst,Technology,"Protect organizations from cyber threats by monitoring systems, analyzing security breaches, and implementing security measures.","Network Security, Incident Response, Risk Assessment, Security Tools, Compliance, Forensics",Mid to Senior,"$70,000 - $160,000","Bachelor's in Cybersecurity, Computer Science, or related field"
6,Product Manager,Business,"Lead product development from conception to launch, working with cross-functional teams to deliver value to customers.","Product Strategy, Market Research, Agile/Scrum, Data Analysis, Stakeholder Management, User Stories",Mid to Senior,"$80,000 - $180,000","Bachelor's in Business, Engineering, or related field"
7,DevOps Engineer,Technology,Bridge development and operations by automating deployment processes and maintaining infrastructure.,"Docker, Kubernetes, CI/CD, Cloud Platforms, Infrastructure as Code, Monitoring",Mid to Senior,"$75,000 - $170,000",Bachelor's in Computer Science or related field
8,Financial Analyst,Finance,Analyze financial data to help organizations make informed investment and business decisions.,"Financial Modeling, Excel, SQL, Risk Analysis, Valuation, Reporting",Entry to Mid,"$55,000 - $100,000","Bachelor's in Finance, Economics, or related field"
9,Content Writer,Marketing,"Create engaging written content for websites, blogs, social media, and marketing materials.","Writing, SEO, Content Strategy, Research, Editing, Social Media",Entry to Mid,"$35,000 - $80,000","Bachelor's in English, Journalism, or related field"
10,Sales Representative,Sales,Build relationships with clients and prospects to sell products or services and meet sales targets.,"Communication, Negotiation, CRM, Lead Generation, Relationship Building, Presentation",Entry to Senior,"$40,000 - $120,000",High School Diploma or Bachelor's degree
11,Project Manager,Business,"Plan, execute, and oversee projects to ensure they are completed on time, within budget, and meet objectives.","Project Planning, Risk Management, Team Leadership, Budgeting, Agile/Scrum, Communication",Mid to Senior,"$65,000 - $140,000","Bachelor's in Business, Engineering, or related field"
12,Graphic Designer,Design,Create visual concepts using computer software or by hand to communicate ideas that inspire and inform consumers.,"Adobe Creative Suite, Typography, Color Theory, Branding, Layout Design, Print Design",Entry to Mid,"$40,000 - $80,000",Bachelor's in Graphic Design or related field
13,Business Analyst,Business,Analyze business processes and requirements to help organizations improve efficiency and make data-driven decisions.,"Data Analysis, Process Mapping, Requirements Gathering, SQL, Excel, Stakeholder Management",Entry to Mid,"$55,000 - $110,000","Bachelor's in Business, Economics, or related field"
14,Mobile App Developer,Technology,Design and develop mobile applications for iOS and Android platforms using various programming languages and frameworks.,"Swift, Kotlin, React Native, Flutter, Mobile UI/UX, API Integration",Entry to Senior,"$60,000 - $140,000",Bachelor's in Computer Science or related field
15,Human Resources Manager,Human Resources,"Oversee HR functions including recruitment, employee relations, benefits administration, and policy development.","Recruitment, Employee Relations, HRIS, Labor Law, Performance Management, Training",Mid to Senior,"$60,000 - $130,000","Bachelor's in Human Resources, Business, or related field"
16,Cloud Architect,Technology,Design and implement cloud infrastructure solutions to support business applications and data storage needs.,"AWS, Azure, Google Cloud, Infrastructure Design, Security, Cost Optimization",Senior,"$100,000 - $200,000",Bachelor's in Computer Science or related field
17,Marketing Analyst,Marketing,Analyze marketing data and campaigns to measure effectiveness and provide insights for optimization.,"Google Analytics, Excel, SQL, A/B Testing, Data Visualization, Campaign Analysis",Entry to Mid,"$45,000 - $90,000","Bachelor's in Marketing, Statistics, or related field"
18,Quality Assurance Engineer,Technology,Test software applications to ensure they meet quality standards and function correctly before release.,"Test Planning, Automated Testing, Bug Tracking, Selenium, API Testing, Performance Testing",Entry to Mid,"$50,000 - $100,000",Bachelor's in Computer Science or related field
19,Operations Manager,Business,"Oversee daily operations to ensure efficiency, quality, and customer satisfaction across various business functions.","Process Improvement, Team Management, Budget Management, Supply Chain, Quality Control, Strategic Planning",Mid to Senior,"$65,000 - $140,000","Bachelor's in Business, Operations, or related field"
20,Social Media Manager,Marketing,"Manage social media presence across platforms, create content, and engage with audiences to build brand awareness.","Social Media Platforms, Content Creation, Community Management, Analytics, Brand Voice, Influencer Relations",Entry to Mid,"$40,000 - $80,000","Bachelor's in Marketing, Communications, or related field"
21,Machine Learning Engineer,Technology,Design and implement machine learning models and systems to solve complex business problems.,"Python, TensorFlow, PyTorch, Machine Learning, Deep Learning, Model Deployment",Mid to Senior,"$90,000 - $200,000","Master's in Computer Science, AI, or related field"
22,Customer Success Manager,Business,"Ensure customer satisfaction and retention by providing support, training, and strategic guidance.","Customer Relationship Management, Problem Solving, Training, Analytics, Communication, Product Knowledge",Mid to Senior,"$55,000 - $120,000","Bachelor's in Business, Communications, or related field"
23,Technical Writer,Technology,"Create clear and concise technical documentation, user manuals, and help guides for software and products.","Technical Writing, Documentation Tools, Research, Editing, User Experience, Version Control",Entry to Mid,"$45,000 - $85,000","Bachelor's in English, Technical Writing, or related field"
24,Business Development Manager,Business,"Identify new business opportunities, build partnerships, and develop strategies to grow revenue and market share.","Market Research, Partnership Development, Sales Strategy, Negotiation, Strategic Planning, Networking",Mid to Senior,"$70,000 - $150,000","Bachelor's in Business, Marketing, or related field"
25,Full Stack Developer,Technology,Develop both frontend and backend components of web applications using various technologies and frameworks.,"JavaScript, React, Node.js, Database Management, API Development, Version Control",Entry to Senior,"$65,000 - $150,000",Bachelor's in Computer Science or related field
